{
  "webview.setStateSnapshot": {
    "baseline": 0.6288999999997031,
    "threshold": 1.8866999999991094,
    "percentiles": {
      "p50": 0.6463000000003376,
      "p90": 1.2330000000001746,
      "p95": 1.2990000000063446,
      "p99": 1.2990000000063446
    },
    "trend": "stable"
  },
  "file-scan": {
    "baseline": 1000,
    "threshold": 5000,
    "percentiles": {
      "p50": 0,
      "p90": 0,
      "p95": 0,
      "p99": 0
    },
    "trend": "stable"
  },
  "content-process": {
    "baseline": 500,
    "threshold": 2000,
    "percentiles": {
      "p50": 0,
      "p90": 0,
      "p95": 0,
      "p99": 0
    },
    "trend": "stable"
  },
  "digest-generate": {
    "baseline": 2000,
    "threshold": 10000,
    "percentiles": {
      "p50": 0,
      "p90": 0,
      "p95": 0,
      "p99": 0
    },
    "trend": "stable"
  },
  "remote-clone": {
    "baseline": 10000,
    "threshold": 60000,
    "percentiles": {
      "p50": 0,
      "p90": 0,
      "p95": 0,
      "p99": 0
    },
    "trend": "stable"
  },
  "git-operation": {
    "baseline": 1000,
    "threshold": 5000,
    "percentiles": {
      "p50": 0,
      "p90": 0,
      "p95": 0,
      "p99": 0
    },
    "trend": "stable"
  },
  "remote-clone-integration": {
    "baseline": 13.845699999999852,
    "threshold": 41.537099999999555,
    "percentiles": {
      "p50": 55.844600000000355,
      "p90": 55.844600000000355,
      "p95": 55.844600000000355,
      "p99": 55.844600000000355
    },
    "trend": "stable"
  },
  "full-remote-ingest-flow": {
    "baseline": 12.172599999999875,
    "threshold": 36.517799999999625,
    "percentiles": {
      "p50": 42.68759999999929,
      "p90": 42.68759999999929,
      "p95": 42.68759999999929,
      "p99": 42.68759999999929
    },
    "trend": "stable"
  }
}