{
  "file-scan": {
    "baseline": 1000,
    "threshold": 5000,
    "percentiles": {
      "p50": 0,
      "p90": 0,
      "p95": 0,
      "p99": 0
    },
    "trend": "stable"
  },
  "content-process": {
    "baseline": 500,
    "threshold": 2000,
    "percentiles": {
      "p50": 0,
      "p90": 0,
      "p95": 0,
      "p99": 0
    },
    "trend": "stable"
  },
  "digest-generate": {
    "baseline": 2000,
    "threshold": 10000,
    "percentiles": {
      "p50": 0,
      "p90": 0,
      "p95": 0,
      "p99": 0
    },
    "trend": "stable"
  },
  "remote-clone": {
    "baseline": 10000,
    "threshold": 60000,
    "percentiles": {
      "p50": 0,
      "p90": 0,
      "p95": 0,
      "p99": 0
    },
    "trend": "stable"
  },
  "git-operation": {
    "baseline": 1000,
    "threshold": 5000,
    "percentiles": {
      "p50": 0,
      "p90": 0,
      "p95": 0,
      "p99": 0
    },
    "trend": "stable"
  },
  "remote-clone-integration": {
    "baseline": 13.845699999999852,
    "threshold": 41.537099999999555,
    "percentiles": {
      "p50": 35.91940000000068,
      "p90": 35.91940000000068,
      "p95": 35.91940000000068,
      "p99": 35.91940000000068
    },
    "trend": "stable"
  },
  "full-remote-ingest-flow": {
    "baseline": 12.172599999999875,
    "threshold": 36.517799999999625,
    "percentiles": {
      "p50": 18.094900000000052,
      "p90": 18.094900000000052,
      "p95": 18.094900000000052,
      "p99": 18.094900000000052
    },
    "trend": "stable"
  }
}